Sample in Buffer,Sample in Window,TRIGGER,proc_system_i/system_ila_0/U0/net_slot_0_axis_tdata[31:0],proc_system_i/system_ila_0/U0/net_slot_0_axis_tvalid,proc_system_i/system_ila_0/U0/net_slot_0_axis_tready,proc_system_i/system_ila_0/U0/net_slot_0_axis_tlast
Radix - UNSIGNED,UNSIGNED,UNSIGNED,HEX,HEX,HEX,HEX
0,0,1,16f7e7df,1,1,0
1,1,0,13aee51f,1,1,0
2,2,0,1011e2d1,1,1,0
3,3,0,0c30e0ff,1,1,0
4,4,0,081cdfb0,1,1,0
5,5,0,03e5deea,1,1,0
6,6,0,ff9edeb0,1,1,0
7,7,0,fb58df02,1,1,0
8,8,0,f726dfe1,1,1,0
9,9,0,f31ae148,1,1,0
10,10,0,ef44e330,1,1,0
11,11,0,ebb5e593,1,1,0
12,12,0,e87ce866,1,1,0
13,13,0,e5a6eb9c,1,1,0
14,14,0,e340ef29,1,1,0
15,15,0,e154f2fd,1,1,0
16,16,0,dfe9f709,1,1,0
17,17,0,df07fb3a,1,1,0
18,18,0,deb0ff7f,1,1,0
19,19,0,dee603c7,1,1,0
20,20,0,dfa807fe,1,1,0
21,21,0,e0f40c14,1,1,0
22,22,0,e2c20ff6,1,1,0
23,23,0,e50d1395,1,1,0
24,24,0,e7ca16e1,1,1,0
25,25,0,eaed19cc,1,1,0
26,26,0,ee691c49,1,1,0
27,27,0,f2301e4f,1,1,0
28,28,0,f6321fd5,1,1,0
29,29,0,fa5c20d3,1,1,0
30,30,0,fe9f2147,1,1,0
31,31,0,02e8212d,1,1,0
32,32,0,07242087,1,1,0
33,33,0,0b421f58,1,1,0
34,34,0,0f301da3,1,1,0
35,35,0,12de1b71,1,1,0
36,36,0,163c18cb,1,1,0
37,37,0,193c15bc,1,1,0
38,38,0,1bd11250,1,1,0
39,39,0,1df00e97,1,1,0
40,40,0,1f900aa1,1,1,0
41,41,0,20aa067d,1,1,0
42,42,0,213b023e,1,1,0
43,43,0,213efdf5,1,1,0
44,44,0,20b5f9b5,1,1,0
45,45,0,1fa1f58f,1,1,0
46,46,0,1e07f196,1,1,0
47,47,0,1beeedd9,1,1,0
48,48,0,195eea6a,1,1,0
49,49,0,1664e756,1,1,0
50,50,0,130ae4aa,1,1,0
51,51,0,0f5fe272,1,1,0
52,52,0,0b74e0b7,1,1,0
53,53,0,0758df81,1,1,0
54,54,0,031dded4,1,1,0
55,55,0,fed5deb4,1,1,0
56,56,0,fa91df21,1,1,0
57,57,0,f665e019,1,1,0
58,58,0,f261e198,1,1,0
59,59,0,ee97e398,1,1,0
60,60,0,eb16e610,1,1,0
61,61,0,e7efe8f6,1,1,0
62,62,0,e52dec3d,1,1,0
63,63,0,e2dcefd8,1,1,0
64,64,0,e107f3b8,1,1,0
65,65,0,dfb5f7cb,1,1,0
66,66,0,deecfc02,1,1,0
67,67,0,deaf0049,1,1,0
68,68,0,deff048f,1,1,0
69,69,0,dfdb08c1,1,1,0
70,70,0,e13f0cce,1,1,0
71,71,0,e32510a6,1,1,0
72,72,0,e5851436,1,1,0
73,73,0,e8561771,1,1,0
74,74,0,eb8a1a49,1,1,0
75,75,0,ef161cb2,1,1,0
76,76,0,f2e91ea0,1,1,0
77,77,0,f6f3200e,1,1,0
78,78,0,fb2320f3,1,1,0
79,79,0,ff69214d,1,1,0
80,80,0,03b02119,1,1,0
81,81,0,07e8205a,1,1,0
82,82,0,0bff1f11,1,1,0
83,83,0,0fe21d45,1,1,0
84,84,0,13831afd,1,1,0
85,85,0,16d01843,1,1,0
86,86,0,19bd1521,1,1,0
87,87,0,1c3d11a7,1,1,0
88,88,0,1e460de1,1,1,0
89,89,0,1fce09e1,1,1,0
90,90,0,20cf05b7,1,1,0
91,91,0,21460174,1,1,0
92,92,0,212ffd2c,1,1,0
93,93,0,208cf8ef,1,1,0
94,94,0,1f5ff4d0,1,1,0
95,95,0,1dadf0e1,1,1,0
96,96,0,1b7eed32,1,1,0
97,97,0,18dae9d2,1,1,0
98,98,0,15cde6d0,1,1,0
99,99,0,1263e439,1,1,0
100,100,0,0eace217,1,1,0
101,101,0,0ab6e074,1,1,0
102,102,0,0693df57,1,1,0
103,103,0,0254dec4,1,1,0
104,104,0,fe0bdebe,1,1,0
105,105,0,f9cbdf44,1,1,0
106,106,0,f5a4e055,1,1,0
107,107,0,f1aae1ec,1,1,0
108,108,0,edece403,1,1,0
109,109,0,ea7be690,1,1,0
110,110,0,e765e989,1,1,0
111,111,0,e4b7ece1,1,1,0
112,112,0,e27df08a,1,1,0
113,113,0,e0bff474,1,1,0
114,114,0,df86f88f,1,1,0
115,115,0,ded7fcca,1,1,0
116,116,0,deb30112,1,1,0
117,117,0,df1d0556,1,1,0
118,118,0,e0130983,1,1,0
119,119,0,e18f0d88,1,1,0
120,120,0,e38c1153,1,1,0
121,121,0,e60214d5,1,1,0
122,122,0,e8e617ff,1,1,0
123,123,0,ec2b1ac3,1,1,0
124,124,0,efc51d16,1,1,0
125,125,0,f3a31eee,1,1,0
126,126,0,f7b62042,1,1,0
127,127,0,fbeb210e,1,1,0
128,128,0,0032214e,1,1,0
129,129,0,04782101,1,1,0
130,130,0,08ab2028,1,1,0
131,131,0,0cba1ec7,1,1,0
132,132,0,10921ce3,1,1,0
133,133,0,14251a85,1,1,0
134,134,0,176217b7,1,1,0
135,135,0,1a3c1484,1,1,0
136,136,0,1ca610fb,1,1,0
137,137,0,1e980d29,1,1,0
138,138,0,20070920,1,1,0
139,139,0,20f004f0,1,1,0
140,140,0,214c00ab,1,1,0
141,141,0,211cfc63,1,1,0
142,142,0,205ff82b,1,1,0
143,143,0,1f19f413,1,1,0
144,144,0,1d50f02e,1,1,0
145,145,0,1b0aec8c,1,1,0
146,146,0,1852e93d,1,1,0
147,147,0,1533e64e,1,1,0
148,148,0,11bae3cc,1,1,0
149,149,0,0df6e1c1,1,1,0
150,150,0,09f6e036,1,1,0
151,151,0,05cddf31,1,1,0
152,152,0,018bdeb8,1,1,0
153,153,0,fd42decc,1,1,0
154,154,0,f905df6c,1,1,0
155,155,0,f4e6e096,1,1,0
156,156,0,f0f5e245,1,1,0
157,157,0,ed44e472,1,1,0
158,158,0,e9e3e714,1,1,0
159,159,0,e6dfea1f,1,1,0
160,160,0,e445ed87,1,1,0
161,161,0,e221f13d,1,1,0
162,162,0,e07cf532,1,1,0
163,163,0,df5bf954,1,1,0
164,164,0,dec6fd93,1,1,0
165,165,0,debc01db,1,1,0
166,166,0,df40061c,1,1,0
167,167,0,e04e0a43,1,1,0
168,168,0,e1e30e3f,1,1,0
169,169,0,e3f711fe,1,1,0
170,170,0,e6821571,1,1,0
171,171,0,e9781889,1,1,0
172,172,0,ecce1b39,1,1,0
173,173,0,f0761d76,1,1,0
174,174,0,f45f1f36,1,1,0
175,175,0,f8792072,1,1,0
176,176,0,fcb32124,1,1,0
177,177,0,00fc214a,1,1,0
178,178,0,054020e3,1,1,0
179,179,0,096d1ff1,1,1,0
180,180,0,0d731e77,1,1,0
181,181,0,11401c7d,1,1,0
182,182,0,14c41a09,1,1,0
183,183,0,17ef1728,1,1,0
184,184,0,1ab613e4,1,1,0
185,185,0,1d0b104c,1,1,0
186,186,0,1ee50c6f,1,1,0
187,187,0,203c085d,1,1,0
188,188,0,210b0428,1,1,0
189,189,0,214effe1,1,1,0
190,190,0,2104fb9b,1,1,0
191,191,0,202ef767,1,1,0
192,192,0,1ecff358,1,1,0
193,193,0,1ceeef7e,1,1,0
194,194,0,1a93ebea,1,1,0
195,195,0,17c7e8ab,1,1,0
196,196,0,1496e5cf,1,1,0
197,197,0,110ee362,1,1,0
198,198,0,0d3ee16e,1,1,0
199,199,0,0935dffc,1,1,0
200,200,0,0506df11,1,1,0
201,201,0,00c1deb1,1,1,0
202,202,0,fc7adedf,1,1,0
203,203,0,f841df98,1,1,0
204,204,0,f428e0dc,1,1,0
205,205,0,f042e2a2,1,1,0
206,206,0,ec9fe4e6,1,1,0
207,207,0,e94de79c,1,1,0
208,208,0,e65ceab9,1,1,0
209,209,0,e3d7ee30,1,1,0
210,210,0,e1caf1f3,1,1,0
211,211,0,e03cf5f1,1,1,0
212,212,0,df35fa1a,1,1,0
213,213,0,deb9fe5c,1,1,0
214,214,0,deca02a4,1,1,0
215,215,0,df6706e2,1,1,0
216,216,0,e08f0b02,1,1,0
217,217,0,e23b0ef4,1,1,0
218,218,0,e46612a6,1,1,0
219,219,0,e7051609,1,1,0
220,220,0,ea0e1910,1,1,0
221,221,0,ed751bab,1,1,0
222,222,0,f1291dd2,1,1,0
223,223,0,f51d1f7a,1,1,0
224,224,0,f93e209d,1,1,0
225,225,0,fd7c2136,1,1,0
226,226,0,01c52142,1,1,0
227,227,0,060620c1,1,1,0
228,228,0,0a2e1fb6,1,1,0
229,229,0,0e2b1e24,1,1,0
230,230,0,11eb1c12,1,1,0
231,231,0,1560198a,1,1,0
232,232,0,187a1695,1,1,0
233,233,0,1b2c1341,1,1,0
234,234,0,1d6b0f9b,1,1,0
235,235,0,1f2e0bb3,1,1,0
236,236,0,206d079a,1,1,0
237,237,0,21220360,1,1,0
238,238,0,214bff18,1,1,0
239,239,0,20e7fad4,1,1,0
240,240,0,1ff7f6a5,1,1,0
241,241,0,1e80f29e,1,1,0
242,242,0,1c88eed0,1,1,0
243,243,0,1a17eb4b,1,1,0
244,244,0,1738e81d,1,1,0
245,245,0,13f6e555,1,1,0
246,246,0,1060e2fd,1,1,0
247,247,0,0c84e120,1,1,0
248,248,0,0873dfc6,1,1,0
249,249,0,043edef5,1,1,0
250,250,0,fff8deaf,1,1,0
251,251,0,fbb1def6,1,1,0
252,252,0,f77ddfca,1,1,0
253,253,0,f36de125,1,1,0
254,254,0,ef92e304,1,1,0
255,255,0,ebfce55d,1,1,0
256,256,0,e8bce827,1,1,0
257,257,0,e5ddeb56,1,1,0
258,258,0,e36eeedc,1,1,0
259,259,0,e177f2ab,1,1,0
260,260,0,e002f6b2,1,1,0
261,261,0,df14fae1,1,1,0
262,262,0,deb2ff25,1,1,0
263,263,0,dedc036d,1,1,0
264,264,0,df9307a7,1,1,0
265,265,0,e0d40bc0,1,1,0
266,266,0,e2980fa7,1,1,0
267,267,0,e4d9134c,1,1,0
268,268,0,e78c169f,1,1,0
269,269,0,eaa81992,1,1,0
270,270,0,ee1d1c19,1,1,0
271,271,0,f1df1e29,1,1,0
272,272,0,f5dc1fba,1,1,0
273,273,0,fa0420c4,1,1,0
274,274,0,fe452143,1,1,0
275,275,0,028e2135,1,1,0
276,276,0,06cc209a,1,1,0
277,277,0,0aed1f76,1,1,0
278,278,0,0ee01dcc,1,1,0
279,279,0,12941ba4,1,1,0
280,280,0,15f91907,1,1,0
281,281,0,19011600,1,1,0
282,282,0,1b9f129b,1,1,0
283,283,0,1dc80ee8,1,1,0
284,284,0,1f730af6,1,1,0
285,285,0,209806d5,1,1,0
286,286,0,21340297,1,1,0
287,287,0,2143fe4e,1,1,0
288,288,0,20c5fa0d,1,1,0
289,289,0,1fbcf5e4,1,1,0
290,290,0,1e2df1e7,1,1,0
291,291,0,1c1eee25,1,1,0
292,292,0,1998eaaf,1,1,0
293,293,0,16a6e793,1,1,0
294,294,0,1353e4de,1,1,0
295,295,0,0fafe29c,1,1,0
296,296,0,0bc8e0d7,1,1,0
297,297,0,07b0df95,1,1,0
298,298,0,0376dedd,1,1,0
299,299,0,ff2edeb2,1,1,0
300,300,0,faeadf13,1,1,0
301,301,0,f6bbdfff,1,1,0
302,302,0,f2b3e174,1,1,0
303,303,0,eee4e369,1,1,0
304,304,0,eb5de5d8,1,1,0
305,305,0,e82de8b5,1,1,0
306,306,0,e562ebf5,1,1,0
307,307,0,e308ef8a,1,1,0
308,308,0,e129f364,1,1,0
309,309,0,dfccf774,1,1,0
310,310,0,def8fba8,1,1,0
311,311,0,deafffef,1,1,0
312,312,0,def30435,1,1,0
313,313,0,dfc4086a,1,1,0
314,314,0,e11d0c7b,1,1,0
315,315,0,e2f91058,1,1,0
316,316,0,e54f13ef,1,1,0
317,317,0,e8171731,1,1,0
318,318,0,eb441a12,1,1,0
319,319,0,eec91c84,1,1,0
320,320,0,f2961e7d,1,1,0
321,321,0,f69c1ff5,1,1,0
322,322,0,facb20e5,1,1,0
323,323,0,ff0f214b,1,1,0
324,324,0,03572123,1,1,0
325,325,0,0791206f,1,1,0
326,326,0,0bab1f31,1,1,0
327,327,0,0f931d70,1,1,0
328,328,0,13391b31,1,1,0
329,329,0,168e1880,1,1,0
330,330,0,19841567,1,1,0
331,331,0,1c0d11f3,1,1,0
332,332,0,1e200e33,1,1,0
333,333,0,1fb30a37,1,1,0
334,334,0,20bf060f,1,1,0
335,335,0,214101ce,1,1,0
336,336,0,2136fd85,1,1,0
337,337,0,209ff947,1,1,0
338,338,0,1f7df525,1,1,0
339,339,0,1dd6f131,1,1,0
340,340,0,1bb0ed7c,1,1,0
341,341,0,1915ea15,1,1,0
342,342,0,1610e70b,1,1,0
343,343,0,12aee46b,1,1,0
344,344,0,0efce23f,1,1,0
345,345,0,0b0be092,1,1,0
346,346,0,06ebdf69,1,1,0
347,347,0,02aedecb,1,1,0
348,348,0,fe65deb9,1,1,0
349,349,0,fa23df34,1,1,0
350,350,0,f5fae03a,1,1,0
351,351,0,f1fbe1c6,1,1,0
352,352,0,ee38e3d3,1,1,0
353,353,0,eac0e656,1,1,0
354,354,0,e7a2e947,1,1,0
355,355,0,e4ebec97,1,1,0
356,356,0,e2a7f03a,1,1,0
357,357,0,e0dff420,1,1,0
358,358,0,df9bf838,1,1,0
359,359,0,dee0fc70,1,1,0
360,360,0,deb100b8,1,1,0
361,361,0,df1004fd,1,1,0
362,362,0,dff9092d,1,1,0
363,363,0,e16b0d35,1,1,0
364,364,0,e35e1106,1,1,0
365,365,0,e5ca148f,1,1,0
366,366,0,e8a517c0,1,1,0
367,367,0,ebe31a8d,1,1,0
368,368,0,ef761cea,1,1,0
369,369,0,f34f1ecc,1,1,0
370,370,0,f75e202b,1,1,0
371,371,0,fb922102,1,1,0
372,372,0,ffd8214e,1,1,0
373,373,0,041f210c,1,1,0
374,374,0,0854203f,1,1,0
375,375,0,0c661ee8,1,1,0
376,376,0,10441d0f,1,1,0
377,377,0,13dd1abb,1,1,0
378,378,0,172117f6,1,1,0
379,379,0,1a0414cb,1,1,0
380,380,0,1c781148,1,1,0
381,381,0,1e740d7b,1,1,0
382,382,0,1fee0976,1,1,0
383,383,0,20e20549,1,1,0
384,384,0,214a0105,1,1,0
385,385,0,2125fcbd,1,1,0
386,386,0,2074f882,1,1,0
387,387,0,1f39f467,1,1,0
388,388,0,1d7af07e,1,1,0
389,389,0,1b3eecd6,1,1,0
390,390,0,188fe97f,1,1,0
391,391,0,1578e687,1,1,0
392,392,0,1206e3fc,1,1,0
393,393,0,0e47e1e7,1,1,0
394,394,0,0a4ce051,1,1,0
395,395,0,0625df42,1,1,0
396,396,0,01e5debd,1,1,0
397,397,0,fd9cdec5,1,1,0
398,398,0,f95ddf5a,1,1,0
399,399,0,f53be079,1,1,0
400,400,0,f146e21d,1,1,0
401,401,0,ed8fe440,1,1,0
402,402,0,ea26e6d9,1,1,0
403,403,0,e71ae9dc,1,1,0
404,404,0,e478ed3d,1,1,0
405,405,0,e249f0ed,1,1,0
406,406,0,e099f4dd,1,1,0
407,407,0,df6ef8fc,1,1,0
408,408,0,decdfd39,1,1,0
409,409,0,deb80182,1,1,0
410,410,0,df3005c4,1,1,0
411,411,0,e03309ee,1,1,0
412,412,0,e1bd0ded,1,1,0
413,413,0,e3c711b2,1,1,0
414,414,0,e648152c,1,1,0
415,415,0,e936184c,1,1,0
416,416,0,ec851b05,1,1,0
417,417,0,f0261d4c,1,1,0
418,418,0,f40b1f16,1,1,0
419,419,0,f822205d,1,1,0
420,420,0,fc5a211b,1,1,0
421,421,0,00a2214d,1,1,0
422,422,0,04e720f1,1,1,0
423,423,0,0917200a,1,1,0
424,424,0,0d211e9b,1,1,0
425,425,0,10f31cab,1,1,0
426,426,0,147d1a41,1,1,0
427,427,0,17b11768,1,1,0
428,428,0,1a80142c,1,1,0
429,429,0,1cde109a,1,1,0
430,430,0,1ec30cc2,1,1,0
431,431,0,202508b4,1,1,0
432,432,0,20ff0481,1,1,0
433,433,0,214e003b,1,1,0
434,434,0,210ffbf4,1,1,0
435,435,0,2044f7be,1,1,0
436,436,0,1ef1f3ab,1,1,0
437,437,0,1d1aefcd,1,1,0
438,438,0,1ac9ec32,1,1,0
439,439,0,1805e8ec,1,1,0
440,440,0,14dce608,1,1,0
441,441,0,115be391,1,1,0
442,442,0,0d90e193,1,1,0
443,443,0,098ce015,1,1,0
444,444,0,055fdf1f,1,1,0
445,445,0,011bdeb4,1,1,0
446,446,0,fcd3ded6,1,1,0
447,447,0,f898df84,1,1,0
448,448,0,f47de0bc,1,1,0
449,449,0,f092e278,1,1,0
450,450,0,ece8e4b2,1,1,0
451,451,0,e990e75f,1,1,0
452,452,0,e696ea74,1,1,0
453,453,0,e408ede5,1,1,0
454,454,0,e1f1f1a2,1,1,0
455,455,0,e058f59c,1,1,0
456,456,0,df46f9c2,1,1,0
457,457,0,debefe02,1,1,0
458,458,0,dec3024b,1,1,0
459,459,0,df55068a,1,1,0
460,460,0,e0710aad,1,1,0
461,461,0,e2130ea3,1,1,0
462,462,0,e434125c,1,1,0
463,463,0,e6ca15c6,1,1,0
464,464,0,e9cb18d4,1,1,0
465,465,0,ed2a1b79,1,1,0
466,466,0,f0d91da9,1,1,0
467,467,0,f4c81f5c,1,1,0
468,468,0,f8e6208a,1,1,0
469,469,0,fd23212f,1,1,0
470,470,0,016b2146,1,1,0
471,471,0,05ae20d1,1,1,0
472,472,0,09d81fd1,1,1,0
473,473,0,0dd91e4a,1,1,0
474,474,0,119f1c42,1,1,0
475,475,0,151a19c3,1,1,0
476,476,0,183c16d7,1,1,0
477,477,0,1af8138a,1,1,0
478,478,0,1d410fea,1,1,0
479,479,0,1f0e0c07,1,1,0
480,480,0,205807f1,1,1,0
481,481,0,211803b9,1,1,0
482,482,0,214dff72,1,1,0
483,483,0,20f4fb2d,1,1,0
484,484,0,2010f6fc,1,1,0
485,485,0,1ea4f2f1,1,1,0
486,486,0,1cb6ef1e,1,1,0
487,487,0,1a4feb92,1,1,0
488,488,0,1778e85c,1,1,0
489,489,0,143ee58b,1,1,0
490,490,0,10aee32a,1,1,0
491,491,0,0cd7e143,1,1,0
492,492,0,08cadfde,1,1,0
493,493,0,0498df01,1,1,0
494,494,0,0052deaf,1,1,0
495,495,0,fc0bdeeb,1,1,0
496,496,0,f7d4dfb3,1,1,0
497,497,0,f3c0e104,1,1,0
498,498,0,efe0e2d8,1,1,0
499,499,0,ec45e527,1,1,0
500,500,0,e8fce7e8,1,1,0
501,501,0,e615eb0f,1,1,0
502,502,0,e39dee8f,1,1,0
503,503,0,e19cf259,1,1,0
504,504,0,e01cf65c,1,1,0
505,505,0,df22fa88,1,1,0
506,506,0,deb4fecb,1,1,0
507,507,0,ded30314,1,1,0
508,508,0,df7f074f,1,1,0
509,509,0,e0b40b6b,1,1,0
510,510,0,e26e0f57,1,1,0
511,511,0,e4a51302,1,1,0
512,512,0,e74f165d,1,1,0
513,513,0,ea631958,1,1,0
514,514,0,edd21be9,1,1,0
515,515,0,f18d1e03,1,1,0
516,516,0,f5861f9e,1,1,0
517,517,0,f9ab20b3,1,1,0
518,518,0,fdeb213d,1,1,0
519,519,0,0234213b,1,1,0
520,520,0,067420ac,1,1,0
521,521,0,0a981f93,1,1,0
522,522,0,0e8f1df4,1,1,0
523,523,0,12491bd5,1,1,0
524,524,0,15b51942,1,1,0
525,525,0,18c51643,1,1,0
526,526,0,1b6c12e6,1,1,0
527,527,0,1d9f0f38,1,1,0
528,528,0,1f550b4a,1,1,0
529,529,0,2086072d,1,1,0
530,530,0,212d02f1,1,1,0
531,531,0,2147fea8,1,1,0
532,532,0,20d5fa66,1,1,0
533,533,0,1fd7f63a,1,1,0
534,534,0,1e53f239,1,1,0
535,535,0,1c4eee71,1,1,0
536,536,0,19d1eaf4,1,1,0
537,537,0,16e7e7d0,1,1,0
538,538,0,139ce513,1,1,0
539,539,0,0ffee2c7,1,1,0
540,540,0,0c1ce0f7,1,1,0
541,541,0,0807dfab,1,1,0
542,542,0,03d0dee7,1,1,0
543,543,0,ff88deb0,1,1,0
544,544,0,fb43df06,1,1,0
545,545,0,f711dfe7,1,1,0
546,546,0,f306e150,1,1,0
547,547,0,ef31e33b,1,1,0
548,548,0,eba3e5a0,1,1,0
549,549,0,e86ce875,1,1,0
550,550,0,e599ebae,1,1,0
551,551,0,e335ef3c,1,1,0
552,552,0,e14bf311,1,1,0
553,553,0,dfe3f71d,1,1,0
554,554,0,df04fb4f,1,1,0
555,555,0,deb0ff95,1,1,0
556,556,0,dee903dc,1,1,0
557,557,0,dfae0813,1,1,0
558,558,0,e0fc0c28,1,1,0
559,559,0,e2cd1009,1,1,0
560,560,0,e51a13a6,1,1,0
561,561,0,e7d916f0,1,1,0
562,562,0,eafe19d9,1,1,0
563,563,0,ee7c1c55,1,1,0
564,564,0,f2441e58,1,1,0
565,565,0,f6461fdb,1,1,0
566,566,0,fa7220d7,1,1,0
567,567,0,feb52148,1,1,0
568,568,0,02fd212c,1,1,0
569,569,0,07392083,1,1,0
570,570,0,0b561f50,1,1,0
571,571,0,0f431d99,1,1,0
572,572,0,12f01b65,1,1,0
573,573,0,164c18bd,1,1,0
574,574,0,194a15ab,1,1,0
575,575,0,1bdc123e,1,1,0
576,576,0,1df90e84,1,1,0
577,577,0,1f970a8c,1,1,0
578,578,0,20af0668,1,1,0
579,579,0,213c0228,1,1,0
580,580,0,213dfddf,1,1,0
581,581,0,20b0f99f,1,1,0
582,582,0,1f9af57a,1,1,0
583,583,0,1dfdf182,1,1,0
584,584,0,1be2edc7,1,1,0
585,585,0,1950ea59,1,1,0
586,586,0,1653e747,1,1,0
587,587,0,12f8e49e,1,1,0
588,588,0,0f4ce268,1,1,0
589,589,0,0b5fe0b0,1,1,0
590,590,0,0743df7c,1,1,0
591,591,0,0307ded3,1,1,0
592,592,0,febfdeb5,1,1,0
593,593,0,fa7cdf25,1,1,0
594,594,0,f650e01f,1,1,0
595,595,0,f24de1a1,1,1,0
596,596,0,ee84e3a3,1,1,0
597,597,0,eb06e61d,1,1,0
598,598,0,e7e0e905,1,1,0
599,599,0,e520ec4f,1,1,0
600,600,0,e2d2efeb,1,1,0
601,601,0,e0fff3cc,1,1,0
602,602,0,dfb0f7e0,1,1,0
603,603,0,deeafc17,1,1,0
604,604,0,deb0005e,1,1,0
605,605,0,df0204a4,1,1,0
606,606,0,dfe108d6,1,1,0
607,607,0,e1470ce3,1,1,0
608,608,0,e33010b9,1,1,0
609,609,0,e5931448,1,1,0
610,610,0,e8651781,1,1,0
611,611,0,eb9c1a57,1,1,0
612,612,0,ef281cbd,1,1,0
613,613,0,f2fc1ea9,1,1,0
614,614,0,f7082014,1,1,0
615,615,0,fb3920f6,1,1,0
616,616,0,ff7e214d,1,1,0
617,617,0,03c62117,1,1,0
618,618,0,07fd2055,1,1,0
619,619,0,0c131f0a,1,1,0
620,620,0,0ff51d3b,1,1,0
621,621,0,13941af0,1,1,0
622,622,0,16e01834,1,1,0
623,623,0,19cb1511,1,1,0
624,624,0,1c491194,1,1,0
625,625,0,1e4f0dce,1,1,0
626,626,0,1fd409cc,1,1,0
627,627,0,20d305a1,1,1,0
628,628,0,2147015f,1,1,0
629,629,0,212dfd16,1,1,0
630,630,0,2088f8da,1,1,0
631,631,0,1f58f4bc,1,1,0
632,632,0,1da4f0ce,1,1,0
633,633,0,1b72ed20,1,1,0
634,634,0,18cce9c2,1,1,0
635,635,0,15bce6c2,1,1,0
636,636,0,1251e42d,1,1,0
637,637,0,0e98e20e,1,1,0
638,638,0,0aa1e06d,1,1,0
639,639,0,067edf53,1,1,0
640,640,0,023edec2,1,1,0
641,641,0,fdf6debf,1,1,0
642,642,0,f9b5df48,1,1,0
643,643,0,f590e05c,1,1,0
644,644,0,f196e1f6,1,1,0
645,645,0,eddae40f,1,1,0
646,646,0,ea6ae69e,1,1,0
647,647,0,e756e999,1,1,0
648,648,0,e4abecf3,1,1,0
649,649,0,e273f09d,1,1,0
650,650,0,e0b8f488,1,1,0
651,651,0,df81f8a4,1,1,0
652,652,0,ded5fcdf,1,1,0
653,653,0,deb40128,1,1,0
654,654,0,df21056b,1,1,0
655,655,0,e0190998,1,1,0
656,656,0,e1980d9b,1,1,0
657,657,0,e3971166,1,1,0
658,658,0,e60f14e6,1,1,0
659,659,0,e8f5180e,1,1,0
660,660,0,ec3d1ad0,1,1,0
661,661,0,efd81d20,1,1,0
662,662,0,f3b71ef6,1,1,0
663,663,0,f7cb2047,1,1,0
664,664,0,fc012111,1,1,0
665,665,0,0048214e,1,1,0
666,666,0,048e20fe,1,1,0
667,667,0,08c02022,1,1,0
668,668,0,0cce1ebe,1,1,0
669,669,0,10a51cd8,1,1,0
670,670,0,14361a78,1,1,0
671,671,0,177117a8,1,1,0
672,672,0,1a491473,1,1,0
673,673,0,1cb110e8,1,1,0
674,674,0,1ea00d15,1,1,0
675,675,0,200d090b,1,1,0
676,676,0,20f304da,1,1,0
677,677,0,214d0095,1,1,0
678,678,0,211afc4e,1,1,0
679,679,0,205af816,1,1,0
680,680,0,1f12f3ff,1,1,0
681,681,0,1d46f01b,1,1,0
682,682,0,1afeec7b,1,1,0
683,683,0,1843e92d,1,1,0
684,684,0,1522e640,1,1,0
685,685,0,11a7e3c0,1,1,0
686,686,0,0de2e1b8,1,1,0
687,687,0,09e2e02f,1,1,0
688,688,0,05b7df2e,1,1,0
689,689,0,0175deb7,1,1,0
690,690,0,fd2cdece,1,1,0
691,691,0,f8f0df71,1,1,0
692,692,0,f4d1e09d,1,1,0
693,693,0,f0e2e24f,1,1,0
694,694,0,ed32e47f,1,1,0
695,695,0,e9d3e722,1,1,0
696,696,0,e6d1ea30,1,1,0
697,697,0,e439ed99,1,1,0
698,698,0,e218f151,1,1,0
699,699,0,e075f546,1,1,0
700,700,0,df57f969,1,1,0
701,701,0,dec4fda8,1,1,0
702,702,0,debe01f1,1,1,0
703,703,0,df440632,1,1,0
704,704,0,e0550a58,1,1,0
705,705,0,e1ec0e52,1,1,0
706,706,0,e4031210,1,1,0
707,707,0,e6901581,1,1,0
708,708,0,e9881898,1,1,0
709,709,0,ece01b46,1,1,0
710,710,0,f0891d80,1,1,0
711,711,0,f4731f3e,1,1,0
712,712,0,f88e2077,1,1,0
713,713,0,fcc92126,1,1,0
714,714,0,0111214a,1,1,0
715,715,0,055520e0,1,1,0
716,716,0,09821feb,1,1,0
717,717,0,0d871e6f,1,1,0
718,718,0,11521c71,1,1,0
719,719,0,14d419fc,1,1,0
720,720,0,17fe1718,1,1,0
721,721,0,1ac313d3,1,1,0
722,722,0,1d151039,1,1,0
723,723,0,1eed0c5b,1,1,0
724,724,0,20420848,1,1,0
725,725,0,210e0413,1,1,0
726,726,0,214effcc,1,1,0
727,727,0,2101fb86,1,1,0
728,728,0,2028f753,1,1,0
729,729,0,1ec7f344,1,1,0
730,730,0,1ce3ef6c,1,1,0
731,731,0,1a86ebd9,1,1,0
732,732,0,17b8e89c,1,1,0
733,733,0,1485e5c2,1,1,0
734,734,0,10fbe357,1,1,0
735,735,0,0d2ae166,1,1,0
736,736,0,0921dff6,1,1,0
737,737,0,04f1df0d,1,1,0
738,738,0,00acdeb1,1,1,0
739,739,0,fc64dee1,1,1,0
740,740,0,f82bdf9d,1,1,0
741,741,0,f414e0e3,1,1,0
742,742,0,f02fe2ad,1,1,0
743,743,0,ec8de4f2,1,1,0
744,744,0,e93ee7aa,1,1,0
745,745,0,e64eeac9,1,1,0
746,746,0,e3ccee42,1,1,0
747,747,0,e1c1f207,1,1,0
748,748,0,e036f606,1,1,0
749,749,0,df32fa2f,1,1,0
750,750,0,deb8fe71,1,1,0
751,751,0,decc02ba,1,1,0
752,752,0,df6c06f7,1,1,0
753,753,0,e0960b17,1,1,0
754,754,0,e2450f07,1,1,0
755,755,0,e47212b8,1,1,0
756,756,0,e713161a,1,1,0
757,757,0,ea1f191e,1,1,0
758,758,0,ed871bb7,1,1,0
759,759,0,f13d1ddb,1,1,0
760,760,0,f5311f81,1,1,0
761,761,0,f95320a1,1,1,0
762,762,0,fd922137,1,1,0
763,763,0,01db2141,1,1,0
764,764,0,061b20bd,1,1,0
765,765,0,0a421faf,1,1,0
766,766,0,0e3e1e1b,1,1,0
767,767,0,11fd1c07,1,1,0
768,768,0,1570197c,1,1,0
769,769,0,18881685,1,1,0
770,770,0,1b39132f,1,1,0
771,771,0,1d760f88,1,1,0
772,772,0,1f360b9f,1,1,0
773,773,0,20720785,1,1,0
774,774,0,2124034a,1,1,0
775,775,0,214aff02,1,1,0
776,776,0,20e3fabe,1,1,0
777,777,0,1ff1f691,1,1,0
778,778,0,1e78f28b,1,1,0
779,779,0,1c7deebe,1,1,0
780,780,0,1a0aeb3a,1,1,0
781,781,0,1728e80e,1,1,0
782,782,0,13e5e548,1,1,0
783,783,0,104de2f3,1,1,0
784,784,0,0c70e118,1,1,0
785,785,0,085edfc1,1,1,0
786,786,0,0429def2,1,1,0
787,787,0,ffe2deaf,1,1,0
788,788,0,fb9cdef9,1,1,0
789,789,0,f768dfcf,1,1,0
790,790,0,f359e12e,1,1,0
791,791,0,ef7fe30e,1,1,0
792,792,0,ebebe56a,1,1,0
793,793,0,e8ace836,1,1,0
794,794,0,e5d0eb66,1,1,0
795,795,0,e363eeee,1,1,0
796,796,0,e16ff2bf,1,1,0
797,797,0,dffcf6c7,1,1,0
798,798,0,df11faf6,1,1,0
799,799,0,deb1ff3b,1,1,0
800,800,0,dedf0383,1,1,0
801,801,0,df9807bc,1,1,0
802,802,0,e0db0bd4,1,1,0
803,803,0,e2a20fba,1,1,0
804,804,0,e4e5135d,1,1,0
805,805,0,e79b16af,1,1,0
806,806,0,eab819a0,1,1,0
807,807,0,ee301c25,1,1,0
808,808,0,f1f21e33,1,1,0
809,809,0,f5f01fc0,1,1,0
810,810,0,fa1920c7,1,1,0
811,811,0,fe5b2144,1,1,0
812,812,0,02a42133,1,1,0
813,813,0,06e12096,1,1,0
814,814,0,0b011f6f,1,1,0
815,815,0,0ef31dc2,1,1,0
816,816,0,12a61b98,1,1,0
817,817,0,160918f8,1,1,0
818,818,0,190f15ef,1,1,0
819,819,0,1bab1289,1,1,0
820,820,0,1dd10ed5,1,1,0
821,821,0,1f7a0ae1,1,1,0
822,822,0,209d06c0,1,1,0
823,823,0,21360282,1,1,0
824,824,0,2142fe39,1,1,0
825,825,0,20c1f9f8,1,1,0
826,826,0,1fb6f5d0,1,1,0
827,827,0,1e24f1d3,1,1,0
828,828,0,1c13ee13,1,1,0
829,829,0,198bea9e,1,1,0
830,830,0,1696e784,1,1,0
831,831,0,1342e4d1,1,1,0
832,832,0,0f9ce292,1,1,0
833,833,0,0bb4e0cf,1,1,0
834,834,0,079bdf90,1,1,0
835,835,0,0361dedb,1,1,0
836,836,0,ff19deb2,1,1,0
837,837,0,fad4df16,1,1,0
838,838,0,f6a6e005,1,1,0
839,839,0,f29fe17c,1,1,0
840,840,0,eed1e374,1,1,0
841,841,0,eb4ce5e5,1,1,0
842,842,0,e81ee8c5,1,1,0
843,843,0,e555ec06,1,1,0
844,844,0,e2feef9d,1,1,0
845,845,0,e121f378,1,1,0
846,846,0,dfc6f789,1,1,0
847,847,0,def5fbbe,1,1,0
848,848,0,deaf0004,1,1,0
849,849,0,def6044b,1,1,0
850,850,0,dfc9087f,1,1,0
851,851,0,e1250c90,1,1,0
852,852,0,e303106b,1,1,0
853,853,0,e55c1400,1,1,0
854,854,0,e8261741,1,1,0
855,855,0,eb551a1f,1,1,0
856,856,0,eedb1c8f,1,1,0
857,857,0,f2aa1e85,1,1,0
858,858,0,f6b11ffb,1,1,0
859,859,0,fae020e9,1,1,0
860,860,0,ff24214b,1,1,0
861,861,0,036c2121,1,1,0
862,862,0,07a6206a,1,1,0
863,863,0,0bbf1f2a,1,1,0
864,864,0,0fa61d66,1,1,0
865,865,0,134b1b25,1,1,0
866,866,0,169e1871,1,1,0
867,867,0,19921556,1,1,0
868,868,0,1c1911e0,1,1,0
869,869,0,1e290e1f,1,1,0
870,870,0,1fb90a22,1,1,0
871,871,0,20c305fa,1,1,0
872,872,0,214301b9,1,1,0
873,873,0,2135fd70,1,1,0
874,874,0,209af932,1,1,0
875,875,0,1f76f511,1,1,0
876,876,0,1dccf11e,1,1,0
877,877,0,1ba4ed6a,1,1,0
878,878,0,1907ea05,1,1,0
879,879,0,1600e6fd,1,1,0
880,880,0,129ce45f,1,1,0
881,881,0,0ee9e236,1,1,0
882,882,0,0af6e08b,1,1,0
883,883,0,06d6df65,1,1,0
884,884,0,0298dec9,1,1,0
885,885,0,fe4fdeba,1,1,0
886,886,0,fa0edf38,1,1,0
887,887,0,f5e5e040,1,1,0
888,888,0,f1e8e1cf,1,1,0
889,889,0,ee26e3de,1,1,0
890,890,0,eaafe664,1,1,0
891,891,0,e793e957,1,1,0
892,892,0,e4deeca9,1,1,0
893,893,0,e29df04d,1,1,0
894,894,0,e0d7f434,1,1,0
895,895,0,df96f84d,1,1,0
896,896,0,deddfc86,1,1,0
897,897,0,deb200ce,1,1,0
898,898,0,df130512,1,1,0
899,899,0,dfff0941,1,1,0
900,900,0,e1730d49,1,1,0
901,901,0,e3691119,1,1,0
902,902,0,e5d714a0,1,1,0
903,903,0,e8b517cf,1,1,0
904,904,0,ebf41a9a,1,1,0
905,905,0,ef891cf4,1,1,0
906,906,0,f3641ed4,1,1,0
907,907,0,f7732031,1,1,0
908,908,0,fba72105,1,1,0
909,909,0,ffee214e,1,1,0
910,910,0,0435210a,1,1,0
911,911,0,08692039,1,1,0
912,912,0,0c7b1ee0,1,1,0
913,913,0,10571d05,1,1,0
914,914,0,13ee1aae,1,1,0
915,915,0,173117e7,1,1,0
916,916,0,1a1114ba,1,1,0
917,917,0,1c831135,1,1,0
918,918,0,1e7c0d68,1,1,0
919,919,0,1ff50961,1,1,0
920,920,0,20e50533,1,1,0
921,921,0,214b00ef,1,1,0
922,922,0,2123fca7,1,1,0
923,923,0,206ff86d,1,1,0
924,924,0,1f32f453,1,1,0
925,925,0,1d70f06b,1,1,0
926,926,0,1b32ecc4,1,1,0
927,927,0,1881e96f,1,1,0
928,928,0,1567e67a,1,1,0
929,929,0,11f3e3f0,1,1,0
930,930,0,0e33e1de,1,1,0
931,931,0,0a37e04a,1,1,0
932,932,0,0610df3e,1,1,0
933,933,0,01cfdebc,1,1,0
934,934,0,fd86dec6,1,1,0
935,935,0,f948df5e,1,1,0
936,936,0,f526e080,1,1,0
937,937,0,f132e227,1,1,0
938,938,0,ed7de44c,1,1,0
939,939,0,ea16e6e7,1,1,0
940,940,0,e70ce9ec,1,1,0
941,941,0,e46bed4e,1,1,0
942,942,0,e240f100,1,1,0
943,943,0,e092f4f1,1,1,0
944,944,0,df69f911,1,1,0
945,945,0,decbfd4f,1,1,0
946,946,0,deb90197,1,1,0
947,947,0,df3405d9,1,1,0
948,948,0,e03a0a02,1,1,0
949,949,0,e1c60e01,1,1,0
950,950,0,e3d211c4,1,1,0
951,951,0,e656153d,1,1,0
952,952,0,e946185b,1,1,0
953,953,0,ec971b12,1,1,0
954,954,0,f03a1d56,1,1,0
955,955,0,f41f1f1e,1,1,0
956,956,0,f8372062,1,1,0
957,957,0,fc70211d,1,1,0
958,958,0,00b7214c,1,1,0
959,959,0,04fc20ee,1,1,0
960,960,0,092c2004,1,1,0
961,961,0,0d351e93,1,1,0
962,962,0,11051ca0,1,1,0
963,963,0,148e1a34,1,1,0
964,964,0,17c01759,1,1,0
965,965,0,1a8d141b,1,1,0
966,966,0,1ce91087,1,1,0
967,967,0,1ecb0cae,1,1,0
968,968,0,202b089f,1,1,0
969,969,0,2102046c,1,1,0
970,970,0,214e0026,1,1,0
971,971,0,210cfbdf,1,1,0
972,972,0,203ff7a9,1,1,0
973,973,0,1ee9f397,1,1,0
974,974,0,1d10efba,1,1,0
975,975,0,1abcec21,1,1,0
976,976,0,17f6e8dd,1,1,0
977,977,0,14cbe5fa,1,1,0
978,978,0,1148e386,1,1,0
979,979,0,0d7ce18a,1,1,0
980,980,0,0977e00f,1,1,0
981,981,0,0549df1b,1,1,0
982,982,0,0106deb3,1,1,0
983,983,0,fcbdded8,1,1,0
984,984,0,f883df89,1,1,0
985,985,0,f468e0c4,1,1,0
986,986,0,f07fe282,1,1,0
987,987,0,ecd7e4be,1,1,0
988,988,0,e980e76d,1,1,0
989,989,0,e688ea85,1,1,0
990,990,0,e3fcedf7,1,1,0
991,991,0,e1e7f1b5,1,1,0
992,992,0,e051f5b0,1,1,0
993,993,0,df42f9d7,1,1,0
994,994,0,debdfe18,1,1,0
995,995,0,dec50260,1,1,0
996,996,0,df59069f,1,1,0
997,997,0,e0780ac2,1,1,0
998,998,0,e21d0eb7,1,1,0
999,999,0,e440126e,1,1,0
1000,1000,0,e6d815d6,1,1,0
1001,1001,0,e9db18e2,1,1,0
1002,1002,0,ed3c1b85,1,1,0
1003,1003,0,f0ec1db3,1,1,0
1004,1004,0,f4dc1f63,1,1,0
1005,1005,0,f8fb208f,1,1,0
1006,1006,0,fd382130,1,1,0
1007,1007,0,01812145,1,1,0
1008,1008,0,05c320cd,1,1,0
1009,1009,0,09ed1fca,1,1,0
1010,1010,0,0ded1e41,1,1,0
1011,1011,0,11b11c37,1,1,0
1012,1012,0,152b19b6,1,1,0
1013,1013,0,184b16c7,1,1,0
1014,1014,0,1b041379,1,1,0
1015,1015,0,1d4b0fd7,1,1,0
1016,1016,0,1f160bf3,1,1,0
1017,1017,0,205d07dc,1,1,0
1018,1018,0,211b03a4,1,1,0
1019,1019,0,214dff5c,1,1,0
1020,1020,0,20f1fb17,1,1,0
1021,1021,0,200af6e7,1,1,0
1022,1022,0,1e9cf2dd,1,1,0
1023,1023,0,1cabef0b,1,1,0
1024,1024,0,1a42eb81,1,1,0
1025,1025,0,1769e84d,1,1,0
1026,1026,0,142ce57e,1,1,0
1027,1027,0,109be31f,1,1,0
1028,1028,0,0cc3e13a,1,1,0
1029,1029,0,08b5dfd8,1,1,0
1030,1030,0,0482defe,1,1,0
1031,1031,0,003cdeaf,1,1,0
1032,1032,0,fbf5deee,1,1,0
1033,1033,0,f7bfdfb8,1,1,0
1034,1034,0,f3ace10c,1,1,0
1035,1035,0,efcde2e2,1,1,0
1036,1036,0,ec33e534,1,1,0
1037,1037,0,e8ede7f7,1,1,0
1038,1038,0,e608eb20,1,1,0
1039,1039,0,e391eea1,1,1,0
1040,1040,0,e193f26c,1,1,0
1041,1041,0,e015f671,1,1,0
1042,1042,0,df1ffa9d,1,1,0
1043,1043,0,deb4fee1,1,1,0
1044,1044,0,ded60329,1,1,0
1045,1045,0,df840764,1,1,0
1046,1046,0,e0bc0b80,1,1,0
1047,1047,0,e2780f6b,1,1,0
1048,1048,0,e4b11314,1,1,0
1049,1049,0,e75e166d,1,1,0
1050,1050,0,ea731966,1,1,0
1051,1051,0,ede41bf5,1,1,0
1052,1052,0,f1a11e0c,1,1,0
1053,1053,0,f59b1fa5,1,1,0
1054,1054,0,f9c120b7,1,1,0
1055,1055,0,fe01213f,1,1,0
1056,1056,0,024a213a,1,1,0
1057,1057,0,068920a8,1,1,0
1058,1058,0,0aad1f8c,1,1,0
1059,1059,0,0ea31dea,1,1,0
1060,1060,0,125b1bca,1,1,0
1061,1061,0,15c51934,1,1,0
1062,1062,0,18d31632,1,1,0
1063,1063,0,1b7812d4,1,1,0
1064,1064,0,1da90f25,1,1,0
1065,1065,0,1f5c0b36,1,1,0
1066,1066,0,208a0718,1,1,0
1067,1067,0,212f02db,1,1,0
1068,1068,0,2146fe93,1,1,0
1069,1069,0,20d1fa50,1,1,0
1070,1070,0,1fd1f626,1,1,0
1071,1071,0,1e4af225,1,1,0
1072,1072,0,1c43ee5f,1,1,0
1073,1073,0,19c4eae3,1,1,0
1074,1074,0,16d8e7c1,1,1,0
1075,1075,0,138be506,1,1,0
1076,1076,0,0febe2bd,1,1,0
1077,1077,0,0c08e0ef,1,1,0
1078,1078,0,07f2dfa6,1,1,0
1079,1079,0,03badee5,1,1,0
1080,1080,0,ff73deb0,1,1,0
1081,1081,0,fb2ddf09,1,1,0
1082,1082,0,f6fcdfed,1,1,0
1083,1083,0,f2f2e159,1,1,0
1084,1084,0,ef1ee346,1,1,0
1085,1085,0,eb93e5ae,1,1,0
1086,1086,0,e85de885,1,1,0
1087,1087,0,e58cebbf,1,1,0
1088,1088,0,e32aef4f,1,1,0
1089,1089,0,e143f325,1,1,0
1090,1090,0,dfdef732,1,1,0
1091,1091,0,df01fb65,1,1,0
1092,1092,0,deafffaa,1,1,0
1093,1093,0,deeb03f2,1,1,0
1094,1094,0,dfb30828,1,1,0
1095,1095,0,e1040c3c,1,1,0
1096,1096,0,e2d7101c,1,1,0
1097,1097,0,e52713b8,1,1,0
1098,1098,0,e7e81700,1,1,0
1099,1099,0,eb0f19e7,1,1,0
1100,1100,0,ee8e1c60,1,1,0
1101,1101,0,f2581e61,1,1,0
1102,1102,0,f65b1fe1,1,1,0
1103,1103,0,fa8720db,1,1,0
1104,1104,0,fecb2149,1,1,0
1105,1105,0,0313212a,1,1,0
1106,1106,0,074e207e,1,1,0
1107,1107,0,0b6b1f49,1,1,0
1108,1108,0,0f571d8f,1,1,0
1109,1109,0,13021b59,1,1,0
1110,1110,0,165c18ae,1,1,0
1111,1111,0,1958159b,1,1,0
1112,1112,0,1be8122c,1,1,0
1113,1113,0,1e030e70,1,1,0
1114,1114,0,1f9e0a78,1,1,0
1115,1115,0,20b30652,1,1,0
1116,1116,0,213d0212,1,1,0
1117,1117,0,213bfdc9,1,1,0
1118,1118,0,20acf98a,1,1,0
1119,1119,0,1f93f566,1,1,0
1120,1120,0,1df4f16f,1,1,0
1121,1121,0,1bd6edb5,1,1,0
1122,1122,0,1942ea49,1,1,0
1123,1123,0,1643e739,1,1,0
1124,1124,0,12e6e491,1,1,0
1125,1125,0,0f39e25e,1,1,0
1126,1126,0,0b4be0a9,1,1,0
1127,1127,0,072edf78,1,1,0
1128,1128,0,02f2ded1,1,1,0
1129,1129,0,fea9deb6,1,1,0
1130,1130,0,fa66df28,1,1,0
1131,1131,0,f63be025,1,1,0
1132,1132,0,f239e1aa,1,1,0
1133,1133,0,ee72e3af,1,1,0
1134,1134,0,eaf5e62b,1,1,0
1135,1135,0,e7d1e915,1,1,0
1136,1136,0,e513ec60,1,1,0
1137,1137,0,e2c7effe,1,1,0
1138,1138,0,e0f7f3e0,1,1,0
1139,1139,0,dfabf7f5,1,1,0
1140,1140,0,dee7fc2c,1,1,0
1141,1141,0,deb00074,1,1,0
1142,1142,0,df0504b9,1,1,0
1143,1143,0,dfe708eb,1,1,0
1144,1144,0,e1500cf7,1,1,0
1145,1145,0,e33b10cb,1,1,0
1146,1146,0,e5a01459,1,1,0
1147,1147,0,e8741790,1,1,0
1148,1148,0,ebad1a64,1,1,0
1149,1149,0,ef3b1cc8,1,1,0
1150,1150,0,f3101eb1,1,1,0
1151,1151,0,f71d2019,1,1,0
1152,1152,0,fb4e20f9,1,1,0
1153,1153,0,ff94214d,1,1,0
1154,1154,0,03db2115,1,1,0
1155,1155,0,08122050,1,1,0
1156,1156,0,0c271f02,1,1,0
1157,1157,0,10081d31,1,1,0
1158,1158,0,13a61ae4,1,1,0
1159,1159,0,16f01825,1,1,0
1160,1160,0,19d91500,1,1,0
1161,1161,0,1c541182,1,1,0
1162,1162,0,1e580dba,1,1,0
1163,1163,0,1fdb09b7,1,1,0
1164,1164,0,20d7058c,1,1,0
1165,1165,0,21480149,1,1,0
1166,1166,0,212cfd01,1,1,0
1167,1167,0,2083f8c5,1,1,0
1168,1168,0,1f51f4a8,1,1,0
1169,1169,0,1d9af0ba,1,1,0
1170,1170,0,1b66ed0e,1,1,0
1171,1171,0,18bde9b2,1,1,0
1172,1172,0,15ace6b4,1,1,0
1173,1173,0,123fe421,1,1,0
1174,1174,0,0e85e204,1,1,0
1175,1175,0,0a8de066,1,1,0
1176,1176,0,0668df4e,1,1,0
1177,1177,0,0229dec1,1,1,0
1178,1178,0,fde0dec0,1,1,0
1179,1179,0,f9a0df4c,1,1,0
1180,1180,0,f57be063,1,1,0
1181,1181,0,f183e1ff,1,1,0
1182,1182,0,edc8e41b,1,1,0
1183,1183,0,ea5ae6ac,1,1,0
1184,1184,0,e748e9a9,1,1,0
1185,1185,0,e49eed04,1,1,0
1186,1186,0,e269f0b0,1,1,0
1187,1187,0,e0b0f49c,1,1,0
1188,1188,0,df7df8b9,1,1,0
1189,1189,0,ded3fcf5,1,1,0
1190,1190,0,deb5013d,1,1,0
1191,1191,0,df240581,1,1,0
1192,1192,0,e01f09ac,1,1,0
1193,1193,0,e1a10daf,1,1,0
1194,1194,0,e3a31178,1,1,0
1195,1195,0,e61d14f7,1,1,0
1196,1196,0,e905181d,1,1,0
1197,1197,0,ec4e1add,1,1,0
1198,1198,0,efeb1d2b,1,1,0
1199,1199,0,f3cb1efd,1,1,0
1200,1200,0,f7e0204d,1,1,0
1201,1201,0,fc162113,1,1,0
1202,1202,0,005e214e,1,1,0
1203,1203,0,04a320fb,1,1,0
1204,1204,0,08d5201c,1,1,0
1205,1205,0,0ce21eb6,1,1,0
1206,1206,0,10b81ccd,1,1,0
1207,1207,0,14471a6b,1,1,0
1208,1208,0,17801798,1,1,0
1209,1209,0,1a561462,1,1,0
1210,1210,0,1cbc10d5,1,1,0
1211,1211,0,1ea90d01,1,1,0
1212,1212,0,201308f6,1,1,0
1213,1213,0,20f604c5,1,1,0
1214,1214,0,214d0080,1,1,0
1215,1215,0,2117fc38,1,1,0
1216,1216,0,2055f801,1,1,0
1217,1217,0,1f0af3eb,1,1,0
1218,1218,0,1d3bf008,1,1,0
1219,1219,0,1af1ec69,1,1,0
1220,1220,0,1834e91e,1,1,0
1221,1221,0,1511e632,1,1,0
1222,1222,0,1195e3b5,1,1,0
1223,1223,0,0dcee1af,1,1,0
1224,1224,0,09cde029,1,1,0
1225,1225,0,05a2df2a,1,1,0
1226,1226,0,0160deb6,1,1,0
1227,1227,0,fd17decf,1,1,0
1228,1228,0,f8dbdf75,1,1,0
1229,1229,0,f4bde0a5,1,1,0
1230,1230,0,f0cee259,1,1,0
1231,1231,0,ed20e48b,1,1,0
1232,1232,0,e9c2e731,1,1,0
1233,1233,0,e6c3ea40,1,1,0
1234,1234,0,e42dedab,1,1,0
1235,1235,0,e20ef164,1,1,0
1236,1236,0,e06ef55b,1,1,0
1237,1237,0,df53f97f,1,1,0
1238,1238,0,dec3fdbe,1,1,0
1239,1239,0,debf0207,1,1,0
1240,1240,0,df480647,1,1,0
1241,1241,0,e05c0a6d,1,1,0
1242,1242,0,e1f60e66,1,1,0
1243,1243,0,e40f1222,1,1,0
1244,1244,0,e69e1592,1,1,0
1245,1245,0,e99818a6,1,1,0
1246,1246,0,ecf21b52,1,1,0
1247,1247,0,f09c1d8a,1,1,0
1248,1248,0,f4881f45,1,1,0
1249,1249,0,f8a4207c,1,1,0
1250,1250,0,fcdf2129,1,1,0
1251,1251,0,01272149,1,1,0
1252,1252,0,056a20dc,1,1,0
1253,1253,0,09971fe5,1,1,0
1254,1254,0,0d9b1e66,1,1,0
1255,1255,0,11651c66,1,1,0
1256,1256,0,14e519ee,1,1,0
1257,1257,0,180d1709,1,1,0
1258,1258,0,1ad013c1,1,1,0
1259,1259,0,1d201026,1,1,0
1260,1260,0,1ef50c47,1,1,0
1261,1261,0,20470833,1,1,0
1262,1262,0,211003fd,1,1,0
1263,1263,0,214effb6,1,1,0
1264,1264,0,20fefb70,1,1,0
1265,1265,0,2022f73d,1,1,0
1266,1266,0,1ebff330,1,1,0
1267,1267,0,1cd9ef59,1,1,0
1268,1268,0,1a79ebc8,1,1,0
1269,1269,0,17a8e88d,1,1,0
1270,1270,0,1474e5b5,1,1,0
1271,1271,0,10e9e34c,1,1,0
1272,1272,0,0d16e15d,1,1,0
1273,1273,0,090cdff0,1,1,0
1274,1274,0,04dbdf0a,1,1,0
1275,1275,0,0096deb0,1,1,0
1276,1276,0,fc4edee3,1,1,0
1277,1277,0,f816dfa3,1,1,0
1278,1278,0,f400e0eb,1,1,0
1279,1279,0,f01ce2b7,1,1,0
1280,1280,0,ec7ce4ff,1,1,0
1281,1281,0,e92ee7b9,1,1,0
1282,1282,0,e641eada,1,1,0
1283,1283,0,e3c1ee55,1,1,0
1284,1284,0,e1b8f21a,1,1,0
1285,1285,0,e030f61b,1,1,0
1286,1286,0,df2efa45,1,1,0
1287,1287,0,deb7fe87,1,1,0
1288,1288,0,dece02d0,1,1,0
1289,1289,0,df70070c,1,1,0
1290,1290,0,e09d0b2b,1,1,0
1291,1291,0,e24f0f1b,1,1,0
1292,1292,0,e47e12ca,1,1,0
1293,1293,0,e722162a,1,1,0
1294,1294,0,ea2f192c,1,1,0
1295,1295,0,ed991bc3,1,1,0
1296,1296,0,f1501de5,1,1,0
1297,1297,0,f5461f88,1,1,0
1298,1298,0,f96920a6,1,1,0
1299,1299,0,fda72139,1,1,0
1300,1300,0,01f02140,1,1,0
1301,1301,0,063120b9,1,1,0
1302,1302,0,0a571fa8,1,1,0
1303,1303,0,0e521e11,1,1,0
1304,1304,0,120f1bfb,1,1,0
1305,1305,0,1581196e,1,1,0
1306,1306,0,18971675,1,1,0
1307,1307,0,1b45131d,1,1,0
1308,1308,0,1d800f75,1,1,0
1309,1309,0,1f3d0b8a,1,1,0
1310,1310,0,2077076f,1,1,0
1311,1311,0,21260335,1,1,0
1312,1312,0,214afeec,1,1,0
1313,1313,0,20e0faa9,1,1,0
1314,1314,0,1febf67c,1,1,0
1315,1315,0,1e6ff277,1,1,0
1316,1316,0,1c72eeab,1,1,0
1317,1317,0,19fceb29,1,1,0
1318,1318,0,1719e7ff,1,1,0
1319,1319,0,13d3e53b,1,1,0
1320,1320,0,103ae2e8,1,1,0
1321,1321,0,0c5ce110,1,1,0
1322,1322,0,0849dfbb,1,1,0
1323,1323,0,0413deef,1,1,0
1324,1324,0,ffcddeaf,1,1,0
1325,1325,0,fb87defc,1,1,0
1326,1326,0,f753dfd5,1,1,0
1327,1327,0,f345e136,1,1,0
1328,1328,0,ef6ce319,1,1,0
1329,1329,0,ebdae577,1,1,0
1330,1330,0,e89de845,1,1,0
1331,1331,0,e5c3eb78,1,1,0
1332,1332,0,e358ef01,1,1,0
1333,1333,0,e166f2d2,1,1,0
1334,1334,0,dff6f6dc,1,1,0
1335,1335,0,df0efb0c,1,1,0
1336,1336,0,deb1ff51,1,1,0
1337,1337,0,dee10398,1,1,0
1338,1338,0,df9d07d1,1,1,0
1339,1339,0,e0e30be8,1,1,0
1340,1340,0,e2ac0fcd,1,1,0
1341,1341,0,e4f2136f,1,1,0
1342,1342,0,e7aa16bf,1,1,0
1343,1343,0,eac919ae,1,1,0
1344,1344,0,ee421c31,1,1,0
1345,1345,0,f2061e3c,1,1,0
1346,1346,0,f6051fc7,1,1,0
1347,1347,0,fa2f20cb,1,1,0
1348,1348,0,fe712145,1,1,0
1349,1349,0,02b92131,1,1,0
1350,1350,0,06f62091,1,1,0
1351,1351,0,0b161f67,1,1,0
1352,1352,0,0f071db8,1,1,0
1353,1353,0,12b81b8c,1,1,0
1354,1354,0,161918ea,1,1,0
1355,1355,0,191d15df,1,1,0
1356,1356,0,1bb71277,1,1,0
1357,1357,0,1ddb0ec1,1,1,0
1358,1358,0,1f810acd,1,1,0
1359,1359,0,20a106aa,1,1,0
1360,1360,0,2137026c,1,1,0
1361,1361,0,2141fe23,1,1,0
1362,1362,0,20bdf9e2,1,1,0
1363,1363,0,1faff5bb,1,1,0
1364,1364,0,1e1bf1c0,1,1,0
1365,1365,0,1c07ee00,1,1,0
1366,1366,0,197dea8d,1,1,0
1367,1367,0,1686e775,1,1,0
1368,1368,0,1330e4c5,1,1,0
1369,1369,0,0f89e288,1,1,0
1370,1370,0,0ba0e0c8,1,1,0
1371,1371,0,0785df8c,1,1,0
1372,1372,0,034bded9,1,1,0
1373,1373,0,ff03deb3,1,1,0
1374,1374,0,fabfdf19,1,1,0
1375,1375,0,f691e00c,1,1,0
1376,1376,0,f28be185,1,1,0
1377,1377,0,eebfe380,1,1,0
1378,1378,0,eb3be5f3,1,1,0
1379,1379,0,e80fe8d4,1,1,0
1380,1380,0,e548ec18,1,1,0
1381,1381,0,e2f3efb0,1,1,0
1382,1382,0,e119f38c,1,1,0
1383,1383,0,dfc1f79e,1,1,0
1384,1384,0,def2fbd3,1,1,0
1385,1385,0,deaf001a,1,1,0
1386,1386,0,def90460,1,1,0
1387,1387,0,dfcf0894,1,1,0
1388,1388,0,e12d0ca3,1,1,0
1389,1389,0,e30e107d,1,1,0
1390,1390,0,e5691411,1,1,0
1391,1391,0,e8351750,1,1,0
1392,1392,0,eb661a2d,1,1,0
1393,1393,0,eeee1c9a,1,1,0
1394,1394,0,f2be1e8e,1,1,0
1395,1395,0,f6c62001,1,1,0
1396,1396,0,faf520ec,1,1,0
1397,1397,0,ff3a214c,1,1,0
1398,1398,0,0382211e,1,1,0
1399,1399,0,07bb2065,1,1,0
1400,1400,0,0bd31f22,1,1,0
1401,1401,0,0fb91d5b,1,1,0
1402,1402,0,135d1b18,1,1,0
1403,1403,0,16ae1862,1,1,0
1404,1404,0,19a01545,1,1,0
1405,1405,0,1c2511ce,1,1,0
1406,1406,0,1e320e0b,1,1,0
1407,1407,0,1fc00a0d,1,1,0
1408,1408,0,20c705e5,1,1,0
1409,1409,0,214401a3,1,1,0
1410,1410,0,2133fd5a,1,1,0
1411,1411,0,2096f91d,1,1,0
1412,1412,0,1f6ff4fc,1,1,0
1413,1413,0,1dc2f10a,1,1,0
1414,1414,0,1b98ed58,1,1,0
1415,1415,0,18f9e9f5,1,1,0
1416,1416,0,15f0e6ef,1,1,0
1417,1417,0,128ae453,1,1,0
1418,1418,0,0ed5e22c,1,1,0
1419,1419,0,0ae2e084,1,1,0
1420,1420,0,06c1df60,1,1,0
1421,1421,0,0282dec7,1,1,0
1422,1422,0,fe3adebb,1,1,0
1423,1423,0,f9f9df3c,1,1,0
1424,1424,0,f5d1e047,1,1,0
1425,1425,0,f1d4e1d9,1,1,0
1426,1426,0,ee14e3ea,1,1,0
1427,1427,0,ea9fe672,1,1,0
1428,1428,0,e785e967,1,1,0
1429,1429,0,e4d2ecbb,1,1,0
1430,1430,0,e292f060,1,1,0
1431,1431,0,e0d0f448,1,1,0
1432,1432,0,df91f862,1,1,0
1433,1433,0,dedbfc9b,1,1,0
1434,1434,0,deb200e3,1,1,0
1435,1435,0,df160528,1,1,0
1436,1436,0,e0050956,1,1,0
1437,1437,0,e17c0d5d,1,1,0
1438,1438,0,e374112b,1,1,0
1439,1439,0,e5e514b1,1,1,0
1440,1440,0,e8c417de,1,1,0
1441,1441,0,ec061aa7,1,1,0
1442,1442,0,ef9c1cff,1,1,0
1443,1443,0,f3781edc,1,1,0
1444,1444,0,f7882036,1,1,0
1445,1445,0,fbbd2108,1,1,0
1446,1446,0,0004214e,1,1,0
1447,1447,0,044a2107,1,1,0
1448,1448,0,087e2034,1,1,0
1449,1449,0,0c8f1ed8,1,1,0
1450,1450,0,106a1cfa,1,1,0
1451,1451,0,13ff1aa1,1,1,0
1452,1452,0,174017d8,1,1,0
1453,1453,0,1a1f14a9,1,1,0
1454,1454,0,1c8e1123,1,1,0
1455,1455,0,1e850d54,1,1,0
1456,1456,0,1ffb094d,1,1,0
1457,1457,0,20e9051e,1,1,0
1458,1458,0,214b00d9,1,1,0
1459,1459,0,2121fc91,1,1,0
1460,1460,0,206af858,1,1,0
1461,1461,0,1f2af43f,1,1,0
1462,1462,0,1d66f058,1,1,0
1463,1463,0,1b25ecb2,1,1,0
1464,1464,0,1872e95f,1,1,0
1465,1465,0,1557e66c,1,1,0
1466,1466,0,11e1e3e4,1,1,0
1467,1467,0,0e20e1d4,1,1,0
1468,1468,0,0a23e044,1,1,0
1469,1469,0,05fbdf3a,1,1,0
1470,1470,0,01b9deba,1,1,0
1471,1471,0,fd71dec8,1,1,0
1472,1472,0,f933df62,1,1,0
1473,1473,0,f512e087,1,1,0
1474,1474,0,f11fe230,1,1,0
1475,1475,0,ed6be458,1,1,0
1476,1476,0,ea06e6f5,1,1,0
1477,1477,0,e6fde9fc,1,1,0
1478,1478,0,e45fed60,1,1,0
1479,1479,0,e236f114,1,1,0
1480,1480,0,e08bf506,1,1,0
1481,1481,0,df65f926,1,1,0
1482,1482,0,dec9fd64,1,1,0
1483,1483,0,deba01ad,1,1,0
1484,1484,0,df3805ee,1,1,0
1485,1485,0,e0400a17,1,1,0
1486,1486,0,e1cf0e15,1,1,0
1487,1487,0,e3de11d7,1,1,0
1488,1488,0,e664154d,1,1,0
1489,1489,0,e9561869,1,1,0
1490,1490,0,eca81b1e,1,1,0
1491,1491,0,f04c1d60,1,1,0
1492,1492,0,f4331f26,1,1,0
1493,1493,0,f84c2067,1,1,0
1494,1494,0,fc852120,1,1,0
1495,1495,0,00cd214c,1,1,0
1496,1496,0,051120ea,1,1,0
1497,1497,0,09411ffe,1,1,0
1498,1498,0,0d481e8a,1,1,0
1499,1499,0,11181c95,1,1,0
1500,1500,0,149f1a26,1,1,0
1501,1501,0,17cf1749,1,1,0
1502,1502,0,1a9a1409,1,1,0
1503,1503,0,1cf41075,1,1,0
1504,1504,0,1ed40c9a,1,1,0
1505,1505,0,2031088a,1,1,0
1506,1506,0,21050456,1,1,0
1507,1507,0,214e0010,1,1,0
1508,1508,0,210afbc9,1,1,0
1509,1509,0,203af794,1,1,0
1510,1510,0,1ee1f383,1,1,0
1511,1511,0,1d05efa7,1,1,0
1512,1512,0,1aafec10,1,1,0
1513,1513,0,17e7e8cd,1,1,0
1514,1514,0,14bae5ec,1,1,0
1515,1515,0,1136e37a,1,1,0
1516,1516,0,0d68e181,1,1,0
1517,1517,0,0962e009,1,1,0
1518,1518,0,0534df18,1,1,0
1519,1519,0,00f0deb2,1,1,0
1520,1520,0,fca8deda,1,1,0
1521,1521,0,f86edf8e,1,1,0
1522,1522,0,f454e0cb,1,1,0
1523,1523,0,f06be28d,1,1,0
1524,1524,0,ecc5e4cb,1,1,0
1525,1525,0,e970e77c,1,1,0
1526,1526,0,e67aea95,1,1,0
1527,1527,0,e3f1ee09,1,1,0
1528,1528,0,e1def1c9,1,1,0
1529,1529,0,e04bf5c5,1,1,0
1530,1530,0,df3ef9ec,1,1,0
1531,1531,0,debcfe2d,1,1,0
1532,1532,0,dec60276,1,1,0
1533,1533,0,df5e06b4,1,1,0
1534,1534,0,e07f0ad6,1,1,0
1535,1535,0,e2260eca,1,1,0
1536,1536,0,e44c1280,1,1,0
1537,1537,0,e6e615e6,1,1,0
1538,1538,0,e9eb18f1,1,1,0
1539,1539,0,ed4e1b91,1,1,0
1540,1540,0,f0ff1dbd,1,1,0
1541,1541,0,f4f01f6b,1,1,0
1542,1542,0,f9102093,1,1,0
1543,1543,0,fd4e2132,1,1,0
1544,1544,0,01962144,1,1,0
1545,1545,0,05d820c9,1,1,0
1546,1546,0,0a011fc4,1,1,0
1547,1547,0,0e001e38,1,1,0
1548,1548,0,11c41c2b,1,1,0
1549,1549,0,153c19a8,1,1,0
1550,1550,0,185a16b7,1,1,0
1551,1551,0,1b111367,1,1,0
1552,1552,0,1d550fc4,1,1,0
1553,1553,0,1f1e0bdf,1,1,0
1554,1554,0,206207c7,1,1,0
1555,1555,0,211d038e,1,1,0
1556,1556,0,214cff47,1,1,0
1557,1557,0,20eefb02,1,1,0
1558,1558,0,2004f6d2,1,1,0
1559,1559,0,1e93f2c9,1,1,0
1560,1560,0,1ca0eef8,1,1,0
1561,1561,0,1a34eb70,1,1,0
1562,1562,0,1759e83e,1,1,0
1563,1563,0,141be571,1,1,0
1564,1564,0,1088e314,1,1,0
1565,1565,0,0cafe132,1,1,0
1566,1566,0,08a0dfd2,1,1,0
1567,1567,0,046ddefb,1,1,0
1568,1568,0,0026deaf,1,1,0
1569,1569,0,fbe0def0,1,1,0
1570,1570,0,f7aadfbe,1,1,0
1571,1571,0,f398e114,1,1,0
1572,1572,0,efbae2ed,1,1,0
1573,1573,0,ec22e541,1,1,0
1574,1574,0,e8dde806,1,1,0
1575,1575,0,e5faeb31,1,1,0
1576,1576,0,e386eeb4,1,1,0
1577,1577,0,e18af280,1,1,0
1578,1578,0,e00ff685,1,1,0
1579,1579,0,df1bfab3,1,1,0
1580,1580,0,deb3fef7,1,1,0
1581,1581,0,ded8033f,1,1,0
1582,1582,0,df890779,1,1,0
1583,1583,0,e0c30b94,1,1,0
1584,1584,0,e2820f7e,1,1,0
1585,1585,0,e4be1326,1,1,0
1586,1586,0,e76d167d,1,1,0
1587,1587,0,ea841974,1,1,0
1588,1588,0,edf61c00,1,1,0
1589,1589,0,f1b41e16,1,1,0
1590,1590,0,f5af1fab,1,1,0
1591,1591,0,f9d620bb,1,1,0
1592,1592,0,fe172140,1,1,0
1593,1593,0,02602138,1,1,0
1594,1594,0,069e20a4,1,1,0
1595,1595,0,0ac11f85,1,1,0
1596,1596,0,0eb61de0,1,1,0
1597,1597,0,126d1bbe,1,1,0
1598,1598,0,15d61925,1,1,0
1599,1599,0,18e21622,1,1,0
1600,1600,0,1b8512c2,1,1,0
1601,1601,0,1db30f12,1,1,0
1602,1602,0,1f630b22,1,1,0
1603,1603,0,208f0703,1,1,0
1604,1604,0,213002c6,1,1,0
1605,1605,0,2145fe7d,1,1,0
1606,1606,0,20cdfa3b,1,1,0
1607,1607,0,1fcbf611,1,1,0
1608,1608,0,1e41f211,1,1,0
1609,1609,0,1c37ee4c,1,1,0
1610,1610,0,19b6ead2,1,1,0
1611,1611,0,16c8e7b2,1,1,0
1612,1612,0,1379e4f9,1,1,0
1613,1613,0,0fd8e2b2,1,1,0
1614,1614,0,0bf4e0e8,1,1,0
1615,1615,0,07dddfa0,1,1,0
1616,1616,0,03a5dee2,1,1,0
1617,1617,0,ff5ddeb1,1,1,0
1618,1618,0,fb18df0c,1,1,0
1619,1619,0,f6e8dff3,1,1,0
1620,1620,0,f2dee161,1,1,0
1621,1621,0,ef0ce351,1,1,0
1622,1622,0,eb81e5bb,1,1,0
1623,1623,0,e84ee894,1,1,0
1624,1624,0,e57eebd0,1,1,0
1625,1625,0,e31fef61,1,1,0
1626,1626,0,e13bf339,1,1,0
1627,1627,0,dfd8f747,1,1,0
1628,1628,0,defefb7a,1,1,0
1629,1629,0,deafffc0,1,1,0
1630,1630,0,deee0407,1,1,0
1631,1631,0,dfb8083d,1,1,0
1632,1632,0,e10c0c50,1,1,0
1633,1633,0,e2e2102f,1,1,0
1634,1634,0,e53313c9,1,1,0
1635,1635,0,e7f71710,1,1,0
1636,1636,0,eb1f19f5,1,1,0
1637,1637,0,eea11c6b,1,1,0
1638,1638,0,f26b1e6a,1,1,0
1639,1639,0,f6701fe7,1,1,0
1640,1640,0,fa9c20de,1,1,0
1641,1641,0,fee02149,1,1,0
1642,1642,0,03282128,1,1,0
1643,1643,0,07632079,1,1,0
1644,1644,0,0b7f1f42,1,1,0
1645,1645,0,0f6a1d85,1,1,0
1646,1646,0,13131b4c,1,1,0
1647,1647,0,166c189f,1,1,0
1648,1648,0,1966158a,1,1,0
1649,1649,0,1bf4121a,1,1,0
1650,1650,0,1e0c0e5d,1,1,0
1651,1651,0,1fa40a63,1,1,0
1652,1652,0,20b7063d,1,1,0
1653,1653,0,213f01fd,1,1,0
1654,1654,0,213afdb4,1,1,0
1655,1655,0,20a8f975,1,1,0
1656,1656,0,1f8cf551,1,1,0
1657,1657,0,1debf15b,1,1,0
1658,1658,0,1bcaeda3,1,1,0
1659,1659,0,1934ea38,1,1,0
1660,1660,0,1633e72a,1,1,0
1661,1661,0,12d4e485,1,1,0
1662,1662,0,0f26e254,1,1,0
1663,1663,0,0b37e0a1,1,1,0
1664,1664,0,0719df73,1,1,0
1665,1665,0,02dcdecf,1,1,0
1666,1666,0,fe93deb7,1,1,0
1667,1667,0,fa51df2c,1,1,0
1668,1668,0,f626e02c,1,1,0
1669,1669,0,f226e1b3,1,1,0
1670,1670,0,ee5fe3ba,1,1,0
1671,1671,0,eae4e639,1,1,0
1672,1672,0,e7c2e925,1,1,0
1673,1673,0,e506ec72,1,1,0
1674,1674,0,e2bdf011,1,1,0
1675,1675,0,e0eff3f4,1,1,0
1676,1676,0,dfa6f80a,1,1,0
1677,1677,0,dee5fc42,1,1,0
1678,1678,0,deb0008a,1,1,0
1679,1679,0,df0804cf,1,1,0
1680,1680,0,dfec0900,1,1,0
1681,1681,0,e1580d0a,1,1,0
1682,1682,0,e34610de,1,1,0
1683,1683,0,e5ad146a,1,1,0
1684,1684,0,e884179f,1,1,0
1685,1685,0,ebbe1a71,1,1,0
1686,1686,0,ef4e1cd2,1,1,0
1687,1687,0,f3251eba,1,1,0
1688,1688,0,f732201f,1,1,0
1689,1689,0,fb6420fc,1,1,0
1690,1690,0,ffaa214e,1,1,0
1691,1691,0,03f12112,1,1,0
1692,1692,0,0827204a,1,1,0
1693,1693,0,0c3b1efa,1,1,0
1694,1694,0,101b1d26,1,1,0
1695,1695,0,13b71ad7,1,1,0
1696,1696,0,17001816,1,1,0
1697,1697,0,19e614ef,1,1,0
1698,1698,0,1c60116f,1,1,0
1699,1699,0,1e610da6,1,1,0
1700,1700,0,1fe109a3,1,1,0
1701,1701,0,20da0577,1,1,0
1702,1702,0,21480133,1,1,0
1703,1703,0,212afceb,1,1,0
1704,1704,0,207ef8b0,1,1,0
1705,1705,0,1f49f493,1,1,0
1706,1706,0,1d90f0a7,1,1,0
1707,1707,0,1b59ecfc,1,1,0
1708,1708,0,18afe9a1,1,1,0
1709,1709,0,159be6a6,1,1,0
1710,1710,0,122de415,1,1,0
1711,1711,0,0e71e1fb,1,1,0
1712,1712,0,0a78e060,1,1,0
1713,1713,0,0653df4a,1,1,0
1714,1714,0,0213dec0,1,1,0
1715,1715,0,fdcadec2,1,1,0
1716,1716,0,f98bdf50,1,1,0
1717,1717,0,f567e06a,1,1,0
1718,1718,0,f16fe209,1,1,0
1719,1719,0,edb6e427,1,1,0
1720,1720,0,ea4ae6ba,1,1,0
1721,1721,0,e739e9b9,1,1,0
1722,1722,0,e492ed16,1,1,0
1723,1723,0,e25ff0c3,1,1,0
1724,1724,0,e0a9f4b1,1,1,0
1725,1725,0,df78f8cf,1,1,0
1726,1726,0,ded1fd0b,1,1,0
1727,1727,0,deb60153,1,1,0
1728,1728,0,df280596,1,1,0
1729,1729,0,e02509c1,1,1,0
1730,1730,0,e1a90dc3,1,1,0
1731,1731,0,e3ae118b,1,1,0
1732,1732,0,e62b1508,1,1,0
1733,1733,0,e914182c,1,1,0
1734,1734,0,ec5f1aea,1,1,0
1735,1735,0,effd1d35,1,1,0
1736,1736,0,f3df1f05,1,1,0
1737,1737,0,f7f42052,1,1,0
1738,1738,0,fc2c2116,1,1,0
1739,1739,0,0073214d,1,1,0
1740,1740,0,04b920f8,1,1,0
1741,1741,0,08ea2017,1,1,0
1742,1742,0,0cf61ead,1,1,0
1743,1743,0,10ca1cc2,1,1,0
1744,1744,0,14581a5e,1,1,0
1745,1745,0,17901789,1,1,0
1746,1746,0,1a631451,1,1,0
1747,1747,0,1cc710c3,1,1,0
1748,1748,0,1eb10ced,1,1,0
1749,1749,0,201908e1,1,1,0
1750,1750,0,20f904af,1,1,0
1751,1751,0,214d006a,1,1,0
1752,1752,0,2115fc22,1,1,0
1753,1753,0,2050f7eb,1,1,0
1754,1754,0,1f02f3d7,1,1,0
1755,1755,0,1d31eff5,1,1,0
1756,1756,0,1ae4ec58,1,1,0
1757,1757,0,1825e90e,1,1,0
1758,1758,0,1501e625,1,1,0
1759,1759,0,1183e3a9,1,1,0
1760,1760,0,0dbbe1a6,1,1,0
1761,1761,0,09b8e022,1,1,0
1762,1762,0,058ddf26,1,1,0
1763,1763,0,014adeb5,1,1,0
1764,1764,0,fd01ded1,1,1,0
1765,1765,0,f8c6df7a,1,1,0
1766,1766,0,f4a8e0ac,1,1,0
1767,1767,0,f0bbe263,1,1,0
1768,1768,0,ed0fe497,1,1,0
1769,1769,0,e9b2e740,1,1,0
1770,1770,0,e6b4ea51,1,1,0
1771,1771,0,e421edbe,1,1,0
1772,1772,0,e205f178,1,1,0
1773,1773,0,e067f56f,1,1,0
1774,1774,0,df4ff994,1,1,0
1775,1775,0,dec1fdd4,1,1,0
1776,1776,0,dec0021c,1,1,0
1777,1777,0,df4c065c,1,1,0
1778,1778,0,e0630a81,1,1,0
1779,1779,0,e1ff0e7a,1,1,0
1780,1780,0,e41a1235,1,1,0
1781,1781,0,e6ac15a3,1,1,0
1782,1782,0,e9a818b5,1,1,0
1783,1783,0,ed041b5e,1,1,0
1784,1784,0,f0af1d94,1,1,0
1785,1785,0,f49c1f4d,1,1,0
1786,1786,0,f8b92080,1,1,0
1787,1787,0,fcf4212b,1,1,0
1788,1788,0,013d2148,1,1,0
1789,1789,0,058020d9,1,1,0
1790,1790,0,09ac1fde,1,1,0
1791,1791,0,0dae1e5d,1,1,0
1792,1792,0,11771c5b,1,1,0
1793,1793,0,14f619e1,1,1,0
1794,1794,0,181c16f9,1,1,0
1795,1795,0,1adc13b0,1,1,0
1796,1796,0,1d2a1013,1,1,0
1797,1797,0,1efd0c33,1,1,0
1798,1798,0,204c081e,1,1,0
1799,1799,0,211303e8,1,1,0
1800,1800,0,214dffa0,1,1,0
1801,1801,0,20fbfb5b,1,1,0
1802,1802,0,201cf729,1,1,0
1803,1803,0,1eb6f31c,1,1,0
1804,1804,0,1cceef46,1,1,0
1805,1805,0,1a6bebb7,1,1,0
1806,1806,0,1799e87d,1,1,0
1807,1807,0,1463e5a7,1,1,0
1808,1808,0,10d6e341,1,1,0
1809,1809,0,0d02e155,1,1,0
1810,1810,0,08f7dfea,1,1,0
1811,1811,0,04c6df07,1,1,0
1812,1812,0,0080deb0,1,1,0
1813,1813,0,fc39dee6,1,1,0
1814,1814,0,f801dfa8,1,1,0
1815,1815,0,f3ece0f3,1,1,0
1816,1816,0,f009e2c1,1,1,0
1817,1817,0,ec6ae50c,1,1,0
1818,1818,0,e91ee7c8,1,1,0
1819,1819,0,e633eaeb,1,1,0
1820,1820,0,e3b5ee67,1,1,0
1821,1821,0,e1aff22e,1,1,0
1822,1822,0,e029f62f,1,1,0
1823,1823,0,df2afa5a,1,1,0
1824,1824,0,deb6fe9d,1,1,0
1825,1825,0,decf02e5,1,1,0
1826,1826,0,df750722,1,1,0
1827,1827,0,e0a40b40,1,1,0
1828,1828,0,e2590f2e,1,1,0
1829,1829,0,e48a12dc,1,1,0
1830,1830,0,e730163a,1,1,0
1831,1831,0,ea3f193a,1,1,0
1832,1832,0,edab1bcf,1,1,0
1833,1833,0,f1631def,1,1,0
1834,1834,0,f55a1f8f,1,1,0
1835,1835,0,f97e20aa,1,1,0
1836,1836,0,fdbd213a,1,1,0
1837,1837,0,0206213e,1,1,0
1838,1838,0,064620b5,1,1,0
1839,1839,0,0a6c1fa1,1,1,0
1840,1840,0,0e651e08,1,1,0
1841,1841,0,12221bef,1,1,0
1842,1842,0,15911960,1,1,0
1843,1843,0,18a61665,1,1,0
1844,1844,0,1b52130c,1,1,0
1845,1845,0,1d8a0f62,1,1,0
1846,1846,0,1f450b76,1,1,0
1847,1847,0,207b075a,1,1,0
1848,1848,0,2128031f,1,1,0
1849,1849,0,2149fed7,1,1,0
1850,1850,0,20dcfa93,1,1,0
1851,1851,0,1fe5f667,1,1,0
1852,1852,0,1e66f263,1,1,0
1853,1853,0,1c67ee99,1,1,0
1854,1854,0,19efeb18,1,1,0
1855,1855,0,1709e7f0,1,1,0
1856,1856,0,13c2e52e,1,1,0
1857,1857,0,1027e2dd,1,1,0
1858,1858,0,0c48e108,1,1,0
1859,1859,0,0834dfb6,1,1,0
1860,1860,0,03fedeed,1,1,0
1861,1861,0,ffb7deaf,1,1,0
1862,1862,0,fb71deff,1,1,0
1863,1863,0,f73edfda,1,1,0
1864,1864,0,f331e13e,1,1,0
1865,1865,0,ef59e324,1,1,0
1866,1866,0,ebc9e584,1,1,0
1867,1867,0,e88de854,1,1,0
1868,1868,0,e5b5eb89,1,1,0
1869,1869,0,e34def14,1,1,0
1870,1870,0,e15ef2e6,1,1,0
1871,1871,0,dff0f6f0,1,1,0
1872,1872,0,df0afb21,1,1,0
1873,1873,0,deb0ff66,1,1,0
1874,1874,0,dee303ae,1,1,0
1875,1875,0,dfa307e6,1,1,0
1876,1876,0,e0eb0bfc,1,1,0
1877,1877,0,e2b70fe0,1,1,0
1878,1878,0,e4fe1381,1,1,0
1879,1879,0,e7b916cf,1,1,0
1880,1880,0,eada19bc,1,1,0
1881,1881,0,ee541c3c,1,1,0
1882,1882,0,f21a1e45,1,1,0
1883,1883,0,f61a1fcd,1,1,0
1884,1884,0,fa4420cf,1,1,0
1885,1885,0,fe862146,1,1,0
1886,1886,0,02cf2130,1,1,0
1887,1887,0,070c208d,1,1,0
1888,1888,0,0b2a1f60,1,1,0
1889,1889,0,0f1a1daf,1,1,0
1890,1890,0,12c91b7f,1,1,0
1891,1891,0,162918dc,1,1,0
1892,1892,0,192b15cf,1,1,0
1893,1893,0,1bc31265,1,1,0
1894,1894,0,1de50eae,1,1,0
1895,1895,0,1f880ab8,1,1,0
1896,1896,0,20a50695,1,1,0
1897,1897,0,21390256,1,1,0
1898,1898,0,2140fe0e,1,1,0
1899,1899,0,20b9f9cd,1,1,0
1900,1900,0,1fa9f5a7,1,1,0
1901,1901,0,1e12f1ac,1,1,0
1902,1902,0,1bfbedee,1,1,0
1903,1903,0,196eea7d,1,1,0
1904,1904,0,1676e766,1,1,0
1905,1905,0,131ee4b8,1,1,0
1906,1906,0,0f76e27e,1,1,0
1907,1907,0,0b8be0c0,1,1,0
1908,1908,0,0770df87,1,1,0
1909,1909,0,0336ded7,1,1,0
1910,1910,0,feeddeb3,1,1,0
1911,1911,0,faaadf1d,1,1,0
1912,1912,0,f67ce012,1,1,0
1913,1913,0,f278e18e,1,1,0
1914,1914,0,eeace38b,1,1,0
1915,1915,0,eb2ae600,1,1,0
1916,1916,0,e800e8e4,1,1,0
1917,1917,0,e53bec29,1,1,0
1918,1918,0,e2e8efc2,1,1,0
1919,1919,0,e111f3a1,1,1,0
1920,1920,0,dfbcf7b3,1,1,0
1921,1921,0,deeffbe9,1,1,0
1922,1922,0,deaf0030,1,1,0
1923,1923,0,defc0476,1,1,0
1924,1924,0,dfd508a9,1,1,0
1925,1925,0,e1360cb8,1,1,0
1926,1926,0,e3191090,1,1,0
1927,1927,0,e5761423,1,1,0
1928,1928,0,e8441760,1,1,0
1929,1929,0,eb771a3a,1,1,0
1930,1930,0,ef001ca5,1,1,0
1931,1931,0,f2d21e97,1,1,0
1932,1932,0,f6db2007,1,1,0
1933,1933,0,fb0b20ef,1,1,0
1934,1934,0,ff50214c,1,1,0
1935,1935,0,0397211c,1,1,0
1936,1936,0,07d02060,1,1,0
1937,1937,0,0be71f1a,1,1,0
1938,1938,0,0fcc1d51,1,1,0
1939,1939,0,136e1b0c,1,1,0
1940,1940,0,16be1854,1,1,0
1941,1941,0,19ae1535,1,1,0
1942,1942,0,1c3011bc,1,1,0
1943,1943,0,1e3b0df8,1,1,0
1944,1944,0,1fc709f9,1,1,0
1945,1945,0,20cb05cf,1,1,0
1946,1946,0,2145018d,1,1,0
1947,1947,0,2131fd45,1,1,0
1948,1948,0,2092f907,1,1,0
1949,1949,0,1f68f4e8,1,1,0
1950,1950,0,1db9f0f7,1,1,0
1951,1951,0,1b8ced46,1,1,0
1952,1952,0,18ebe9e5,1,1,0
1953,1953,0,15e0e6e0,1,1,0
1954,1954,0,1278e447,1,1,0
1955,1955,0,0ec2e222,1,1,0
1956,1956,0,0acee07d,1,1,0
1957,1957,0,06abdf5c,1,1,0
1958,1958,0,026ddec6,1,1,0
1959,1959,0,fe24debc,1,1,0
1960,1960,0,f9e3df40,1,1,0
1961,1961,0,f5bce04e,1,1,0
1962,1962,0,f1c0e1e2,1,1,0
1963,1963,0,ee01e3f6,1,1,0
1964,1964,0,ea8ee680,1,1,0
1965,1965,0,e776e977,1,1,0
1966,1966,0,e4c5eccc,1,1,0
1967,1967,0,e288f074,1,1,0
1968,1968,0,e0c8f45d,1,1,0
1969,1969,0,df8cf877,1,1,0
1970,1970,0,ded9fcb1,1,1,0
1971,1971,0,deb300f9,1,1,0
1972,1972,0,df19053d,1,1,0
1973,1973,0,e00b096b,1,1,0
1974,1974,0,e1850d71,1,1,0
1975,1975,0,e37f113e,1,1,0
1976,1976,0,e5f214c2,1,1,0
1977,1977,0,e8d317ee,1,1,0
1978,1978,0,ec171ab4,1,1,0
1979,1979,0,efaf1d0a,1,1,0
1980,1980,0,f38c1ee4,1,1,0
1981,1981,0,f79d203c,1,1,0
1982,1982,0,fbd2210b,1,1,0
1983,1983,0,0019214e,1,1,0
1984,1984,0,045f2104,1,1,0
1985,1985,0,0893202e,1,1,0
1986,1986,0,0ca31ed0,1,1,0
1987,1987,0,107d1cef,1,1,0
1988,1988,0,14111a94,1,1,0
1989,1989,0,175017c8,1,1,0
1990,1990,0,1a2c1498,1,1,0
1991,1991,0,1c9a1110,1,1,0
1992,1992,0,1e8e0d40,1,1,0
1993,1993,0,20010938,1,1,0
1994,1994,0,20ec0508,1,1,0
1995,1995,0,214c00c4,1,1,0
1996,1996,0,211ffc7c,1,1,0
1997,1997,0,2065f843,1,1,0
1998,1998,0,1f22f42b,1,1,0
1999,1999,0,1d5cf044,1,1,0
2000,2000,0,1b19eca1,1,1,0
2001,2001,0,1863e94f,1,1,0
2002,2002,0,1546e65e,1,1,0
2003,2003,0,11cfe3d9,1,1,0
2004,2004,0,0e0ce1cb,1,1,0
2005,2005,0,0a0ee03d,1,1,0
2006,2006,0,05e5df36,1,1,0
2007,2007,0,01a4deb9,1,1,0
2008,2008,0,fd5bdeca,1,1,0
2009,2009,0,f91ddf67,1,1,0
2010,2010,0,f4fde08e,1,1,0
2011,2011,0,f10be23a,1,1,0
2012,2012,0,ed59e464,1,1,0
2013,2013,0,e9f5e704,1,1,0
2014,2014,0,e6efea0d,1,1,0
2015,2015,0,e453ed73,1,1,0
2016,2016,0,e22cf127,1,1,0
2017,2017,0,e084f51a,1,1,0
2018,2018,0,df60f93c,1,1,0
2019,2019,0,dec7fd7a,1,1,0
2020,2020,0,debb01c3,1,1,0
2021,2021,0,df3b0604,1,1,0
2022,2022,0,e0470a2c,1,1,0
2023,2023,0,e1d80e28,1,1,0
2024,2024,0,e3e911e9,1,1,0
2025,2025,0,e672155e,1,1,0
2026,2026,0,e9661878,1,1,0
2027,2027,0,ecba1b2b,1,1,0
2028,2028,0,f0601d6a,1,1,0
2029,2029,0,f4481f2d,1,1,0
2030,2030,0,f861206c,1,1,0
2031,2031,0,fc9b2122,1,1,0
2032,2032,0,00e3214b,1,1,0
2033,2033,0,052720e7,1,1,0
2034,2034,0,09551ff8,1,1,0
2035,2035,0,0d5c1e81,1,1,0
2036,2036,0,112b1c8a,1,1,0
2037,2037,0,14b01a19,1,1,0
2038,2038,0,17de173a,1,1,0
2039,2039,0,1aa713f8,1,1,0
2040,2040,0,1cff1062,1,1,0
2041,2041,0,1edc0c86,1,1,0
2042,2042,0,20360876,1,1,0
2043,2043,0,21080441,1,1,0
2044,2044,0,214efffa,1,1,0
2045,2045,0,2107fbb4,1,1,0
2046,2046,0,2034f780,1,1,0
2047,2047,0,1ed8f36f,1,1,0
