{
  "version": "2022.1",
  "applications": [],
  "platforms": [
    {
      "name": "toplevel_lab3"
    }
  ],
  "systems": [
    {
      "name": "lab3b_system",
      "platform": "D:/Dirk/Grad_School/525.742.8VL_SOC/HW/Module3/lab3b/vitis/toplevel_lab3/export/toplevel_lab3/toplevel_lab3.xpfm",
      "sysConfig": "toplevel_lab3",
      "buildConfig": "Debug",
      "applications": [
        {
          "name": "lab3b",
          "platform": "D:/Dirk/Grad_School/525.742.8VL_SOC/HW/Module3/lab3b/vitis/toplevel_lab3/export/toplevel_lab3/toplevel_lab3.xpfm",
          "platformPath": "D:\\Dirk\\Grad_School\\525.742.8VL_SOC\\HW\\Module3\\lab3b\\vitis\\toplevel_lab3\\export\\toplevel_lab3",
          "sysConfig": "toplevel_lab3",
          "domain": "standalone_ps7_cortexa9_0",
          "system": "lab3b_system"
        }
      ],
      "platformPath": "D:\\Dirk\\Grad_School\\525.742.8VL_SOC\\HW\\Module3\\lab3b\\vitis\\toplevel_lab3\\export\\toplevel_lab3"
    }
  ],
  "others": []
}